target_1,target_2
0,1
-0.0242661253098682,0.0
0.0512489989371536,0.0
0.0524619663074611,0.0
0.0307030894686663,0.0
0.0380234040360384,0.0
0.047655467156171,0.0
-0.0142542585197176,0.0
-0.0201303127636621,0.0
0.0639474358943263,0.0
-0.0106084289291683,0.0
-0.0389476738874259,1.0
0.0530495692075834,0.0
-0.0313501079424069,1.0
-0.0214021653057204,1.0
0.0278554968402032,0.0
-0.027075990670396,1.0
0.0845269116341952,0.0
-0.0336180534090522,1.0
0.0230359978603926,0.0
0.0263707134732185,0.0
-0.0499189416683322,1.0
0.0216900711399033,1.0
0.0764752201110463,0.0
-0.0069035796442055,1.0
0.0199389752610428,0.0
0.045058831202378,0.0
0.068179380634241,0.0
0.0327750875792663,0.0
0.0653022079534881,0.0
-0.0431722269577234,1.0
0.0291006472143803,0.0
0.0145650267599683,0.0
0.0740989351818565,0.0
0.0052333280792593,0.0
0.0258459728316662,0.0
-0.0152545239126116,0.0
0.0111505068551331,1.0
0.0107949107472528,0.0
-0.0104512377340265,1.0
0.021062383203239,0.0
0.0406590579748998,0.0
-0.0423485421214485,0.0
-0.0061410868621279,1.0
0.0451631668105127,0.0
0.0377263717237775,0.0
0.0074204672466503,1.0
0.0126057062546251,0.0
-0.0075461941333415,0.0
-0.0453901873977168,1.0
-0.002667146588867,0.0
0.0425566581698377,0.0
0.0129916391682651,0.0
0.0073640883555339,0.0
0.0259820835311278,0.0
0.0697325764354115,0.0
0.025141246128852,1.0
-0.0275103764379534,1.0
0.0014139844256659,0.0
0.001346316498021,1.0
-0.0556974008216434,1.0
0.0750864019458945,0.0
-0.0293591799565214,1.0
0.0405160880794455,0.0
0.0059039799948778,0.0
0.023619254228,0.0
-0.032396126607866,1.0
-0.0036870534630349,1.0
0.0601660876889803,0.0
0.055296091114312,0.0
-0.0310386026705164,1.0
0.0725295517798029,0.0
0.0566151337885613,0.0
-0.0264549585840657,1.0
0.0004057603161387,1.0
0.0253254575825571,0.0
-0.0102389972981219,0.0
-0.0319993794114619,1.0
-0.0263685092510742,1.0
-0.03606094355299,1.0
0.045058831202378,0.0
0.0107824651687148,1.0
-0.0420317331916963,1.0
-0.0144625436853737,1.0
0.0205279520439941,0.0
0.0591380635808591,0.0
0.0464999268542917,0.0
0.0726262711782441,0.0
0.0536110915195658,0.0
0.0058140243627833,1.0
0.030868013645629,0.0
-0.0213388695584855,1.0
0.0447721727140631,0.0
-0.0137953840170673,0.0
0.0637401499889349,0.0
0.0368353736017065,0.0
0.0450331209760112,0.0
0.0356872156593704,0.0
-0.0247022865843575,1.0
-0.0461589872319869,1.0
0.060483012760531,0.0
-0.0294034431718717,1.0
-0.0243370342641704,1.0
0.0219044563862656,0.0
0.0371536475253607,0.0
0.0146893999439179,0.0
-0.027075990670396,1.0
0.0593586728774189,0.0
-0.0020135890568535,0.0
0.0324539970305095,0.0
0.0067046978901661,0.0
-0.0012495817817708,1.0
-0.0025392926151029,0.0
-0.0387184575592475,1.0
0.072230901127764,0.0
0.0626141838670169,0.0
0.011426746568938,0.0
0.0123757236933287,1.0
0.0218427790527621,0.0
0.0567100711512118,0.0
0.0694639234073089,0.0
-0.0493464120749113,1.0
0.0099899360238668,0.0
-0.0449222147703141,1.0
0.0551592178457322,0.0
0.0201012014948489,0.0
0.0052303974206282,0.0
-0.0322535057295991,1.0
0.0582947952931638,0.0
0.0392688365066241,0.0
0.0189215042661603,0.0
-0.0502101913847231,1.0
0.0079298248708103,0.0
0.0067217406793866,0.0
-0.0039633665834055,0.0
-0.0087863000063681,1.0
0.0261644218697328,0.0
0.0400886720320166,0.0
0.0134203059949386,0.0
0.0213592767081745,0.0
0.0295376355812189,0.0
-0.03961062427492,1.0
0.0183822434117164,0.0
-0.0254252359440755,0.0
0.0362833450460357,0.0
0.0903063214612834,0.0
0.0289770516536995,0.0
0.0261931361856472,0.0
0.0074409238079067,0.0
0.0255312932996051,0.0
0.0352315243326303,0.0
-0.0310386026705164,1.0
-0.0204317800152146,0.0
0.0279441183458683,0.0
-0.0319993794114619,1.0
0.0643211507315721,0.0
-0.0101515331202123,0.0
-0.0037100624178262,0.0
-0.0038295786958023,1.0
0.0503505031694152,0.0
0.0596897211567388,0.0
0.0582312578131755,0.0
-0.0344298702766637,1.0
0.0308129917967538,1.0
-0.0266578337000615,1.0
0.0396368258222899,0.0
-0.0126906260523469,1.0
0.0230359978603926,0.0
-0.0143540212127035,1.0
-0.041267931587136,1.0
0.0061572525925801,0.0
-0.0147787581351662,0.0
-0.041267931587136,0.0
-0.0164033918083507,1.0
-0.0279432569019591,0.0
0.0234832506874057,0.0
0.0319706955730635,0.0
0.0574788964241966,0.0
-0.0317723746950806,1.0
0.0648712910307209,0.0
-0.030269421361223,1.0
-0.041785014421568,1.0
0.0131018027636135,1.0
-0.0326218583825683,0.0
0.0379537079342025,0.0
0.060422007869359,0.0
-0.0333070805749585,1.0
0.0056665242320454,0.0
0.050116445906328,0.0
0.0514485227821475,0.0
0.0054881620089084,1.0
0.0208841135481182,0.0
0.0189196599269348,0.0
0.00319253620384,1.0
-0.0230207897758594,0.0
0.0117761593704528,0.0
-0.0311398186139574,1.0
0.0145596279390306,1.0
0.0248289991158768,1.0
-0.0019479206227002,0.0
0.0145724954543907,1.0
-0.039406143912758,1.0
0.0603255927080791,0.0
-0.0458816055269077,1.0
-0.0298802560626933,1.0
0.0320135375938951,0.0
0.0693725711427177,0.0
0.0288573627205801,0.0
0.0191590753956625,0.0
0.03668531689675,0.0
0.0841162616733133,0.0
0.0309011372192478,0.0
-0.0308113295829607,1.0
0.0019722918878924,1.0
-0.0135745542994731,0.0
-0.0435200162328853,1.0
0.0456540200066357,0.0
-0.0333360642580934,1.0
-0.0421173060653238,1.0
-0.0058072584841562,0.0
0.0107824651687148,0.0
0.0282337912474068,0.0
0.0738664472076374,0.0
-0.0443296540546952,1.0
0.0392688365066241,1.0
0.0025364600635861,0.0
-0.0551842312861446,1.0
0.0023472097583006,0.0
0.0572714851458605,0.0
0.0025453777471323,0.0
0.0061572525925801,0.0
-0.0049093479350406,1.0
0.006108831056053,0.0
-0.0310386026705164,1.0
-0.0139264385775238,1.0
-0.0114151677445702,0.0
0.0099537878215043,1.0
0.0716090473293498,0.0
0.045058831202378,0.0
0.0793157788386887,0.0
0.0190055908023008,1.0
0.0509966714968229,0.0
0.0776790616710673,0.0
-0.0028605806880313,0.0
0.0030980468445976,1.0
0.0101496401453463,0.0
-0.018972330445564,1.0
0.0817054815312155,0.0
-0.0449222147703141,1.0
-0.0217423607557078,0.0
0.0417213704668427,0.0
0.021283317410853,1.0
0.0089863261480072,0.0
-0.0383545158405207,1.0
-0.0079965884121013,1.0
-0.0278947839713479,1.0
-0.0158586970437741,1.0
-0.0084798693663808,1.0
0.0542026636882328,0.0
0.0057350851501635,0.0
0.0060251855939084,0.0
0.0607825119699577,0.0
0.042770522616545,0.0
0.0044611815310084,0.0
0.025671921126905,0.0
0.0785152894671048,0.0
0.0288607201146226,0.0
-0.0419961890485143,1.0
0.0276806275362077,0.0
0.0417213704668427,0.0
0.0687820836245158,0.0
0.0359168234870391,0.0
0.0560453432256523,0.0
-0.0283265009069573,1.0
0.0101324019441086,0.0
0.0245787176682395,0.0
0.0211309008101686,0.0
-0.0405266846219268,1.0
-0.039160915815824,1.0
0.0454065501839382,0.0
0.0042109743490522,0.0
0.0472408521488294,0.0
-0.0478711012818677,1.0
-0.0303264084314016,1.0
0.0733062081494909,0.0
-0.004207803048846,0.0
-0.0354094640499277,1.0
-0.0188984263143798,1.0
0.0768751897067565,0.0
0.0543789330540872,0.0
0.0913017915328574,0.0
-0.0227888281080538,1.0
0.0085408515338081,0.0
0.0152266186571612,0.0
-0.0261427054238486,0.0
0.0367804423502895,0.0
-0.0346778434087301,1.0
0.0307947425175272,0.0
-0.0482192411446551,1.0
0.0487837770200203,0.0
0.0224534014770546,0.0
0.0768322310918173,0.0
0.0240391555149019,0.0
0.0619483739783345,0.0
0.108970648159188,0.0
0.0763704385850477,0.0
0.0257781947044965,0.0
-0.0479864595744085,1.0
-0.0308335367297081,1.0
-0.0018725823276609,0.0
-0.0358648147129587,0.0
0.0220062433915864,0.0
-0.037411029061515,1.0
0.0053400594468215,0.0
0.0220148829780842,0.0
-0.0284304331023217,1.0
-0.0274212813014801,1.0
-0.0460124525962609,1.0
-0.041267931587136,1.0
-0.0507612024915491,1.0
0.0291672961736544,0.0
0.0761082548827678,0.0
-0.0006439542560553,0.0
0.0510856142542261,0.0
0.0143081154547422,0.0
0.0473479809174694,0.0
-0.0292599379457868,1.0
0.0569604569659193,0.0
-0.0165518419149733,0.0
-0.0152545239126116,1.0
-0.0459191635229726,1.0
-0.0514940226228449,1.0
0.0116686962483656,0.0
0.0313544885218307,0.0
-0.0275511880626658,1.0
0.0117761593704528,0.0
0.0015361261464766,0.0
0.0546784830471777,0.0
0.0672961698791831,0.0
0.0024647528972506,0.0
0.0308966553308659,1.0
0.0604081135411341,0.0
0.0349239036985638,0.0
-0.0334323159829781,1.0
-0.027709017710419,1.0
0.0127346151695054,1.0
0.0289770516536995,0.0
0.0134203059949386,1.0
0.0496526313364334,0.0
-0.0034257273240274,0.0
0.0708033783132504,0.0
0.0006077719657425,1.0
-0.0048950182944275,1.0
0.0772386647587696,0.0
0.0230359978603926,0.0
0.0166496551349544,0.0
-0.0414754349381474,1.0
0.033155109074494,0.0
0.0022232316003978,1.0
-0.0372500560501776,1.0
0.0162760251413771,0.0
0.0440437833229252,0.0
-0.0152545239126116,1.0
0.0611319845356292,0.0
0.0679843037115992,0.0
0.05126548845333,0.0
-0.0627780494574088,1.0
-0.0159715680201726,1.0
-0.0367221941291216,1.0
0.0506282776576702,0.0
0.0623734292020241,0.0
-0.0355555366351822,1.0
0.0442661568582508,0.0
-0.0027022632786784,0.0
0.0448006562163381,0.0
-0.0219362838539263,1.0
0.0309306294027318,0.0
0.0180125402979229,1.0
-0.0097838450116629,1.0
0.0333778030589708,0.0
-0.0190887819650928,1.0
0.071987091831587,0.0
0.0164711564100841,0.0
-0.0109848828968643,1.0
0.0111514670344462,0.0
0.0489837996352091,0.0
-0.0201932245682686,1.0
-0.004207803048846,0.0
0.0452904535461472,0.0
-0.0245084417727138,1.0
-0.0427211643582672,1.0
-0.0099274408564572,0.0
-0.0256749597320363,1.0
0.0058986383272358,0.0
0.0742701008224943,0.0
0.0638402718548037,0.0
0.0066473094337309,1.0
0.0160247085543885,0.0
-0.0349802388192139,1.0
-0.0235323057422004,1.0
-0.0399453045793236,1.0
-0.0486837053813409,1.0
0.0413991796159323,0.0
-0.0108162169667749,1.0
0.0385968116525127,0.0
-0.0389054960204442,1.0
0.0029256977079387,0.0
0.0162011682179642,0.0
0.0595751095852095,0.0
0.0366545008123359,0.0
-0.0192400617299013,1.0
0.0763704385850477,0.0
0.002460343770796,1.0
0.0295376355812189,0.0
-0.0285041606149813,1.0
0.0273580989651871,0.0
0.0022292530716975,1.0
0.0405432424614149,0.0
-0.0287859932157689,1.0
-0.0113910393892816,0.0
0.0611258331311817,0.0
0.0694865636543317,0.0
-0.0490513336527249,1.0
-0.0075155596425139,1.0
0.0348139568638943,1.0
-0.0496693586292545,1.0
0.0677642277486279,0.0
-0.0284495401098148,1.0
0.0042329766601794,0.0
0.0761353650693369,0.0
-0.0279432569019591,0.0
0.0237938868645381,0.0
0.0124429081127993,0.0
0.042875889981766,0.0
0.0352018359959639,0.0
0.0463156765334057,0.0
-0.0157442691025995,1.0
-0.0354963718186075,1.0
0.0685064216978102,0.0
0.0351451064453428,0.0
0.0073806645538763,0.0
0.0026883932736996,0.0
0.0199389752610428,0.0
0.0369082171930671,0.0
0.0220164857990508,0.0
0.0375115455255308,0.0
3.877583035611e-05,0.0
0.0068924932265093,0.0
0.0291216757470155,0.0
-0.0467513046893255,1.0
0.0138565939567312,0.0
0.0106343553966216,0.0
0.0241161655768993,0.0
-0.0061446760025577,1.0
-0.0239449684691892,1.0
-0.0219362838539263,1.0
0.0612322835892471,0.0
0.0432733334132567,0.0
0.001346316498021,1.0
-0.0081688355827533,1.0
-0.0455955220057443,1.0
0.0612322835892471,0.0
0.0315439757911629,0.0
0.0831774893164977,0.0
0.0156475984484265,0.0
0.0566160664304985,0.0
0.0481974307708203,1.0
-0.0248935040133961,1.0
0.0173385913247443,1.0
0.0184663297593504,0.0
-0.0279173396804754,1.0
-0.0486887565635732,1.0
0.0086127435287837,0.0
0.0291216757470155,0.0
-0.0109576642253593,0.0
-0.0289381956600667,1.0
-0.0103987060787187,1.0
0.036214872274372,0.0
-0.0364401937943333,1.0
0.0058928690182582,1.0
-0.0317723746950806,1.0
0.0108619509949268,0.0
0.0484789301302115,0.0
-0.0403319014844009,1.0
0.0543789330540872,0.0
0.0241149516434247,0.0
-0.0246165708864382,1.0
0.0473030224974823,0.0
0.0063061535916058,1.0
0.0768322310918173,0.0
0.0366285623967078,0.0
0.017285589145242,0.0
0.020753783061403,0.0
-0.0378240229911894,1.0
-0.0082786886852097,0.0
-0.0228124470005512,1.0
-0.0404427136552298,1.0
0.0380654151021946,0.0
0.0473132095518169,0.0
-0.0097838450116629,1.0
0.0548682012074371,0.0
0.0652569047635698,0.0
0.0391247316411491,0.0
0.0497314199039273,0.0
-0.0307908971627242,1.0
0.0436180768975955,0.0
0.0558272135727952,0.0
0.05126548845333,0.0
0.08018411755431,0.0
0.0255312932996051,0.0
0.0361879111353216,0.0
-0.0278477902489634,1.0
-0.0220892680354695,1.0
-0.0303821977196059,1.0
-0.0313501079424069,1.0
0.0040280716565949,0.0
-0.0166557876572825,1.0
0.0468551090167396,0.0
-0.0364509921672181,1.0
0.0242754500521533,0.0
0.0521027224656121,0.0
0.0224455174187835,0.0
0.0136190885664923,0.0
0.0219473782631757,0.0
0.0701286443147825,0.0
-0.0358082031473273,1.0
0.0201073914582008,0.0
0.0715464429065974,0.0
-0.0284495401098148,1.0
0.0483109480728735,1.0
0.052440541634477,0.0
0.0123131362535801,0.0
0.0435325151969726,0.0
0.0209577183231876,0.0
0.0524619663074611,0.0
0.0004280282922292,0.0
-0.030098580686357,1.0
-0.0381405633577151,1.0
-0.0158690254660609,1.0
0.0506282776576702,0.0
0.0091801357688437,1.0
0.0755494671884249,0.0
0.0291672961736544,0.0
0.0250290966720882,0.0
0.029502291003488,0.0
0.0610201406725108,0.0
0.0002887279327588,1.0
-0.0350508740739471,1.0
-0.0201634171138614,1.0
0.0794206198067428,0.0
0.0447721727140631,0.0
0.0181634677333179,0.0
0.0160737064332934,0.0
-0.0053463913729534,0.0
0.031507145245079,0.0
0.0383427847979924,0.0
0.0697383708816248,0.0
-0.0396890894002971,1.0
0.0288997678648269,0.0
0.0122597146959854,0.0
-0.0046142724137042,0.0
0.0526238123809454,0.0
-0.0198894718802113,1.0
-0.0358648147129587,0.0
-0.0161843586067378,1.0
-0.0422034693941762,1.0
-0.0102722078524312,1.0
0.0636835076637895,0.0
-0.0228420645104756,1.0
-0.0175566551535295,0.0
-0.0606413757435601,1.0
0.053321755922133,0.0
0.0499627949701385,0.0
0.0800690337852217,0.0
-0.0326138270642668,1.0
0.0351368359164887,0.0
0.0447721727140631,0.0
0.0363785854702297,0.0
-0.0058566148938017,1.0
0.0416094016388292,1.0
0.0022593473880889,0.0
-0.0121235705247593,1.0
0.0387328210662906,0.0
0.0058986383272358,0.0
-0.0150916182493738,0.0
-0.0248884737414265,1.0
0.0557251127814958,0.0
0.0241149516434247,0.0
-0.0430157888507154,1.0
0.0414866548337631,0.0
0.0544237171869506,0.0
0.0405432424614149,0.0
0.0257665432111133,0.0
0.0793120852385705,0.0
0.0070352998849003,1.0
-0.0031969564637988,1.0
0.0062906942910671,0.0
0.043642338131105,0.0
-0.011640771411061,1.0
-0.0167943192378845,1.0
-0.0281350536719902,1.0
0.0510896484234286,0.0
0.0196663644938395,0.0
0.0695892033024439,0.0
0.0331769811662184,0.0
0.0542026636882328,0.0
-0.023352896657463,1.0
0.0503892729817161,0.0
0.0405160880794455,0.0
-0.030098580686357,1.0
0.0419624375601358,0.0
0.0942683351283434,0.0
0.0793120852385705,0.0
-0.005520378939796,0.0
-0.0234859364186587,1.0
-0.0187417121899547,1.0
0.0497314199039273,0.0
0.0185556763796105,0.0
0.0427149883348335,0.0
-0.0489921758915815,1.0
0.0578615986138417,0.0
0.0349239036985638,0.0
0.0455000635687259,0.0
0.0528775753010932,0.0
0.0052541042611996,1.0
-0.0223931875912738,1.0
-0.0467513046893255,1.0
-0.0066870220269074,0.0
0.0229873807033516,1.0
0.0363327882408917,0.0
0.0546743939659972,0.0
-0.0011442098405051,1.0
0.0698650664749898,0.0
-0.0234676721989164,1.0
0.0074409238079067,0.0
-0.017258900535579,1.0
0.0255333455538989,0.0
0.0442661568582508,0.0
0.0519110653167598,0.0
-0.0072200583200917,1.0
0.0359455597328808,0.0
-0.0235323057422004,1.0
0.0022075957329681,0.0
-0.0244916716136113,1.0
0.0242907880500087,0.0
0.0432447326473412,0.0
0.0553094805158447,0.0
0.0146841045472099,0.0
0.0157830343061327,0.0
-0.016578555186659,1.0
0.031655592011661,0.0
0.0096783977878456,0.0
-0.0459149446826048,1.0
0.0059336613190388,0.0
0.0316136549300746,0.0
-0.0241584745995641,1.0
-0.0364509921672181,0.0
-0.0279198903976843,1.0
0.0288805328960141,0.0
-0.0525945212006951,0.0
-0.0361195580798196,1.0
0.0075892552628488,0.0
0.0359455597328808,0.0
-0.0185679860389007,1.0
0.0406218603076499,0.0
0.0505228134770983,0.0
-0.000185128634758,1.0
-0.010692903243402,0.0
-0.0516393763227966,1.0
0.0694865636543317,0.0
-0.0079930695374614,0.0
-0.0004634397288565,0.0
-0.0114158112176932,0.0
0.0521027224656121,0.0
0.0314284703823315,1.0
0.0115412537224266,0.0
0.0341034672817077,0.0
0.0389836283259033,0.0
0.0474699972678632,0.0
-0.0274212813014801,0.0
0.0545758687086466,0.0
-0.0061446760025577,0.0
-0.0027420454603051,1.0
-0.0585678431185373,1.0
0.010362746552101,1.0
0.0556365650557585,0.0
-0.038916389230591,1.0
-0.0419775350435813,1.0
0.0549258178446213,0.0
0.0147751704528931,1.0
0.0524008886823432,0.0
0.0484248850220655,0.0
0.0524619663074611,0.0
0.0773802581124529,0.0
0.0613176622224088,0.0
0.0481193918512496,0.0
0.0427103754260701,0.0
0.0558272135727952,0.0
0.0212927847171056,0.0
0.0095415437526478,0.0
0.010362746552101,1.0
0.0809557340765402,0.0
0.085325828583169,0.0
0.0139441894791233,1.0
-0.0277059208148228,1.0
0.008078603511642,0.0
0.0770165335107034,0.0
0.0138324604439461,1.0
0.0216874477102809,0.0
0.0070304254019714,0.0
0.0189196599269348,0.0
0.0234832506874057,0.0
-0.0305756165692166,1.0
-0.0392727639092296,1.0
0.0741193516149988,0.0
0.0202188373464713,0.0
0.0597466041924489,1.0
-0.0473608094292218,1.0
0.0278521543210288,0.0
-0.0176954956686313,0.0
-0.0357826226882387,1.0
0.0708691317237655,0.0
-0.0131768881472015,0.0
0.0087009075020733,0.0
0.0673016413522347,0.0
0.0655669708660269,0.0
0.0989562535889275,0.0
0.0443236306528311,0.0
0.0705707644400063,0.0
0.0022075957329681,0.0
0.0257781947044965,0.0
0.0099899360238668,1.0
0.0606516934924923,0.0
0.0068842521198041,1.0
0.067224064902588,0.0
0.001580028702568,0.0
-0.0142670899327668,1.0
0.0528592308949886,0.0
0.0195296772931726,1.0
0.0491153348224109,0.0
0.0131018027636135,0.0
0.0473030224974823,0.0
-0.0119749854002798,1.0
-0.0135661492229722,1.0
0.0328209479934111,0.0
0.0342226071578906,0.0
0.0140896877476895,0.0
0.0524619663074611,0.0
-0.0383545158405207,1.0
0.0444548693367152,0.0
-0.0333491619162876,1.0
-0.0468856728507197,0.0
-0.012073906507731,1.0
0.0163472949460725,0.0
0.0219729777629405,0.0
0.0569989907940236,0.0
-0.0507781287587393,1.0
0.0626408437209695,0.0
-0.010692903243402,1.0
-0.0072386671037403,0.0
0.0570379013051606,0.0
-0.0194786563932832,1.0
0.0286804307457494,0.0
0.0029367314110124,0.0
0.0665835657415998,0.0
0.0130845536065893,1.0
0.0484476092672465,0.0
-0.0428494862706303,1.0
-0.0454911646847143,1.0
0.0797941805463901,0.0
-0.0283106668415816,1.0
0.0149146193680197,1.0
0.021283317410853,0.0
0.0335667209961506,1.0
0.0022232316003978,0.0
0.0918713226387385,0.0
0.0436702944954118,0.0
0.0767924582776454,0.0
-0.0004450315393686,1.0
0.0197767325645724,0.0
-0.0098942930472465,0.0
0.0537989634283222,0.0
0.03482752872309,0.0
0.0694639234073089,0.0
0.0270979915721222,0.0
-0.0134531419260958,0.0
0.030400578020045,0.0
0.0528775753010932,0.0
-0.0309414867343676,1.0
0.0473302374211104,0.0
-0.0465508815119823,1.0
-0.0055628286748958,0.0
-0.0085811801250582,1.0
0.0027549026104423,1.0
0.0462339305328685,0.0
-0.0230749112933561,1.0
0.0625269617627615,0.0
0.0559429013127424,0.0
-0.0187199405149923,1.0
0.0223686935099103,0.0
0.0503892729817161,0.0
0.0389859703732173,0.0
-0.0103946490916307,1.0
0.01588198644955,1.0
0.0506282776576702,0.0
0.0670321690587203,0.0
0.0319439142860012,0.0
0.0525789436619182,0.0
0.0670111606484273,0.0
-0.0387343210945388,1.0
-0.0418795226502295,1.0
0.0702674348326687,0.0
-0.0372970763494504,1.0
-0.0374243106048954,1.0
-0.0190395441359567,1.0
0.0420188426412159,0.0
-0.0028251319701882,1.0
0.0194549572906617,0.0
0.0397260907933009,0.0
0.0460562086598961,0.0
0.0622684716822673,0.0
0.0055327747571231,0.0
0.0740643872723992,0.0
0.0807740285242248,0.0
-0.016707103356569,1.0
-0.002667146588867,0.0
0.0377263717237775,0.0
0.0158197188576186,0.0
-0.0280268484294163,0.0
-0.0454739996826658,1.0
0.0564326077839991,0.0
0.014911670610149,0.0
-0.0357667092035273,1.0
-0.0317919891160533,1.0
0.0162760251413771,1.0
0.0569975145196819,1.0
0.0376538069386438,0.0
0.0511666768006219,0.0
0.0274498684746672,0.0
-0.0198275347761645,0.0
0.0146667723789749,0.0
0.0201705532109692,0.0
0.0757490646378259,0.0
-0.0118809412379223,0.0
-0.0102389972981219,0.0
0.0639474358943263,0.0
0.0467821937662769,0.0
-0.0474426374848355,1.0
0.0478717552960958,0.0
0.0580965906624983,0.0
-0.0277308760206417,1.0
-0.0118445213942044,1.0
0.0096959712020298,0.0
0.0037764556643325,1.0
0.0143193604395549,0.0
0.0343621334552,0.0
-0.0544932396511012,1.0
-0.0219113889703515,1.0
0.0860154428081427,0.0
0.0521027224656121,0.0
0.0353834766181378,0.0
0.0405432424614149,0.0
0.0499627949701385,0.0
-0.0382915060138163,1.0
0.0016749565287645,0.0
0.0760356878387372,0.0
0.0730910769308965,0.0
0.0246602082891071,0.0
0.0463982935372488,0.0
0.0073806645538763,1.0
0.0034817667552331,0.0
-0.0056087340602609,0.0
0.0423924755714187,0.0
-0.0391902621745151,1.0
-0.0066870220269074,1.0
0.092816078063483,0.0
0.0052587010971158,0.0
0.0453381950719192,0.0
0.0508770490289979,0.0
0.0073151901457288,0.0
-0.0319417338716721,1.0
0.0126713010269983,0.0
0.0527912848275876,0.0
0.0788023173347794,0.0
-0.0275511880626658,1.0
0.0665084879914137,0.0
0.0036366070224608,0.0
0.0694865636543317,0.0
0.0427149883348335,0.0
0.0013871857763947,0.0
0.0542205231121621,0.0
-0.0633052523402607,1.0
0.047655467156171,0.0
0.0443187495039892,1.0
0.03526911562974,1.0
0.0508770490289979,0.0
0.0070910441566853,0.0
0.0282908106433767,1.0
0.0285532564912023,0.0
-0.0174276096921078,1.0
-0.0069139831340132,1.0
0.0187718482029567,0.0
0.0302395168777782,0.0
-0.0028251319701882,0.0
0.0065724462455069,0.0
-0.0237579900339733,1.0
0.0680193335776213,0.0
-0.0254805550684912,1.0
0.0716433219596062,0.0
0.0663806458870015,0.0
-0.0061890186110193,0.0
-0.0067176186110154,0.0
-0.0211423362492458,1.0
-0.0039891411830505,1.0
0.0087937045117056,0.0
0.0088532554606331,1.0
0.0848026320343469,0.0
0.0773802581124529,0.0
-0.0123177380901739,1.0
0.0251115391409759,0.0
-0.0146285510036465,0.0
0.0265210820035258,0.0
0.0443236306528311,0.0
0.0793120852385705,0.0
0.0270941428724187,0.0
-0.0429008705849353,1.0
0.0342392842730626,0.0
0.0014142989066864,0.0
0.0038205340580711,0.0
0.0742391056996295,0.0
-0.0097838450116629,1.0
-0.044266186572457,1.0
-0.0212768703940231,0.0
0.0660436877487474,0.0
-0.0120211021203338,1.0
-0.0147162202276741,1.0
0.0181634677333179,0.0
0.0485953164254752,0.0
-0.0462597217955378,1.0
-0.0206282364422493,0.0
-0.0582732746260121,1.0
0.0549258178446213,0.0
-0.0276263648183137,1.0
-0.011640771411061,1.0
0.0311463450811371,1.0
-0.0080341834872736,0.0
-0.009059255782298,1.0
0.0511381273617089,0.0
0.0730910769308965,0.0
0.065430677542564,0.0
0.0282735274248707,0.0
0.0010784795529471,0.0
0.0845745489271712,0.0
0.0040994050071486,1.0
-0.016707103356569,1.0
-0.0242661253098682,1.0
0.0098133823503875,1.0
0.056753783327028,0.0
0.0456937865938857,0.0
0.0321273641701333,1.0
0.0177012302956748,1.0
0.0561295064431119,0.0
0.0163929385468596,0.0
-0.0320411937319272,0.0
0.0353459121089902,0.0
0.0258526183938817,0.0
-0.032396126607866,1.0
0.0488120684841498,0.0
0.0471504285630342,0.0
0.0380654151021946,0.0
0.0481193918512496,0.0
0.0173385913247443,0.0
-0.0167960167027438,1.0
0.0316321815427549,0.0
0.0026478692448239,0.0
0.0081513398919527,0.0
0.044598329904588,0.0
0.0171354877518515,0.0
-0.035066221793886,1.0
0.0143081154547422,1.0
0.0670271988336946,0.0
-0.0381108547661769,1.0
0.0688147658621108,0.0
0.0536110915195658,0.0
0.0740989351818565,0.0
0.0173385913247443,1.0
0.0603249182499402,0.0
-0.0461215660103866,1.0
0.0122191569498995,0.0
0.0580965906624983,0.0
-0.039160915815824,1.0
-0.0284888072082058,1.0
0.0214998272383695,0.0
0.0469389600815863,0.0
-0.0103194226311273,0.0
-0.041267931587136,1.0
-0.0049869591865298,1.0
0.0547180042303247,0.0
0.0335358948101504,0.0
-0.03606094355299,1.0
-0.01843478940446,0.0
-0.037411029061515,0.0
-0.0264766688327737,1.0
-0.0259961421808694,1.0
-0.0115216447877354,0.0
0.0182637475111853,1.0
-0.0221407259391815,1.0
0.0316233068578034,0.0
0.0173385913247443,0.0
0.0069711076135791,0.0
0.0273618768781883,0.0
0.0434050976409822,0.0
0.0673755753986496,0.0
-0.0468969976600362,1.0
-0.0482192411446551,1.0
0.049762126554978,0.0
0.0639730556010983,0.0
0.0199143397647127,0.0
-0.0489247106473836,1.0
-0.0100022692189445,1.0
-0.0078333340707119,1.0
0.0380654151021946,0.0
0.0763274979569417,0.0
0.0350315582377953,0.0
0.0115335818957966,0.0
-0.0146974385771568,1.0
0.0748813817595038,0.0
0.0101895283689989,1.0
-0.0148753145883515,1.0
-0.0141145846096316,1.0
0.0529244892146515,0.0
-0.0075155596425139,1.0
-0.0086542709519414,1.0
-0.0055177649615767,1.0
0.002460343770796,0.0
0.0599708310334487,0.0
-0.0409432915958056,1.0
0.0115412537224266,0.0
0.0608839300173388,0.0
-0.0271656595228105,1.0
-0.0478711012818677,1.0
0.0390958021986071,0.0
0.0403284357973701,0.0
0.0066473094337309,1.0
0.001346316498021,1.0
0.0137325632454998,0.0
0.0274637388033604,0.0
0.0216874477102809,0.0
0.0841162616733133,0.0
0.068840253279975,0.0
0.0123131362535801,1.0
-0.046713560792,1.0
-0.0249362952303345,1.0
0.065616771926592,0.0
0.0767197338939601,0.0
0.0062906942910671,0.0
0.0918713226387385,0.0
0.0698490719501773,0.0
0.0628503172070174,0.0
0.0319276317520458,0.0
0.0536497505449446,0.0
0.0005879706020665,1.0
0.0316561662246163,0.0
0.0724226233451741,0.0
0.0189371090503089,0.0
0.0364245841707304,0.0
0.0521027224656121,0.0
-0.0067176186110154,0.0
0.0045407108490671,1.0
0.024789675478496,0.0
-0.0376617432262926,1.0
0.0356605645173444,0.0
0.0192766514046417,1.0
0.0090430489798584,0.0
-0.0303085164280857,0.0
0.0293027047579937,0.0
0.0366041323877191,0.0
0.0331799139127941,0.0
-0.0228590491076694,0.0
-0.0082786886852097,1.0
0.0422612390892667,0.0
-0.0293107050647362,1.0
-0.0352010507058035,1.0
0.0324005644643762,0.0
0.0525435741509823,0.0
-0.0600076110959325,0.0
0.0716433219596062,0.0
-0.0002136998821034,1.0
-0.0219688340251436,1.0
-0.0379227350424576,0.0
0.0367632035955283,0.0
-0.0320508993257778,1.0
-0.0157878807022363,0.0
-0.0379010173539775,1.0
-0.0606825896852338,1.0
-0.041785014421568,1.0
0.0107824651687148,0.0
0.0506282776576702,0.0
0.0335869123704399,0.0
0.0061572525925801,1.0
0.03482752872309,0.0
0.0061572525925801,0.0
0.0241912848360218,0.0
-0.0069375020409732,1.0
0.0011729434537417,1.0
0.0274637388033604,0.0
0.0253659304692226,1.0
-0.0188099067708789,1.0
-0.0138337999511968,1.0
-0.0067576868763493,0.0
0.0189944153882131,0.0
0.0146521725105803,0.0
-0.0109576642253593,0.0
-0.0161843586067378,1.0
-0.0510756728032897,1.0
0.0729469381672752,0.0
0.0240908072903878,1.0
-0.0344140020867504,1.0
0.0677622966364874,0.0
0.0255312932996051,0.0
-0.0124363915718916,1.0
-0.0231768792275562,1.0
-0.0242090723608926,0.0
0.0918713226387385,0.0
0.0496689840368652,0.0
0.0254740001708132,0.0
0.0387328210662906,0.0
0.068823853347184,0.0
-0.0322472766285607,1.0
-0.0583239048520278,1.0
0.0282337912474068,0.0
0.0377263717237775,0.0
0.08122083454897,0.0
0.0494992977235709,0.0
-0.0587509935963248,0.0
-0.0373845420678531,1.0
0.0313122912504789,0.0
-0.0307908971627242,0.0
0.03482752872309,0.0
0.0288805328960141,0.0
-0.0170839496275998,1.0
0.0313122912504789,0.0
-0.041267931587136,1.0
0.0123845564216252,1.0
-0.0289381956600667,0.0
-0.0242661253098682,1.0
0.055917001419045,0.0
0.0369133750979973,0.0
0.0270800970831613,0.0
0.0670111606484273,0.0
0.0624905100491812,0.0
0.0553951231954341,0.0
-0.0497397651631341,1.0
-0.0066870220269074,1.0
-0.058792201475442,1.0
0.0427766023673075,0.0
-0.0171643692533611,1.0
0.0306615159317102,0.0
0.047113229119438,0.0
-0.0423485421214485,1.0
-0.0072386671037403,1.0
0.0254924914133607,0.0
0.0516249278400716,0.0
0.0288625174336581,0.0
0.0066473094337309,1.0
-0.0329334984253983,1.0
-0.0301139020199064,0.0
-0.0102644847198144,1.0
-0.0192505760884784,1.0
-0.0185941042234583,1.0
0.0499555994320112,0.0
0.0429268649804055,0.0
-0.0283313392991772,1.0
0.0614087519201324,0.0
0.0509966714968229,0.0
0.0550001190137494,0.0
0.060828448115079,0.0
0.0072253816606746,0.0
-0.0283313392991772,0.0
-0.0429788293420462,1.0
-0.009059255782298,0.0
0.0098125003878223,0.0
0.0693659698248992,0.0
0.0331799139127941,0.0
0.0504759422058562,0.0
-0.0157878807022363,0.0
0.0660076076795533,0.0
0.0430208636209148,0.0
0.0593698390491813,0.0
0.0929523358333235,0.0
-0.0115837228760934,1.0
-0.0155361074706758,0.0
0.08122083454897,0.0
0.0570379013051606,0.0
0.0240391555149019,0.0
0.0009254149192982,0.0
0.0913479064392133,0.0
0.0440624071380915,0.0
0.0230223416164215,0.0
-0.0102722078524312,1.0
0.0382793893387775,0.0
-0.042291532122017,1.0
-0.0314738944272133,1.0
0.0181821926624838,0.0
0.0219473782631757,0.0
0.0476100916194502,0.0
0.0343910192267076,0.0
0.0472143557645672,0.0
0.100564076152681,0.0
-0.0119074879730102,0.0
0.0691774848188696,0.0
-0.008104249583157,0.0
-0.003059256227111,0.0
0.0216874477102809,0.0
0.0469721902411457,0.0
0.0453738814906908,0.0
0.0633447989413261,0.0
0.0287655299605808,0.0
0.0572714851458605,0.0
0.0605146825759212,0.0
-0.0387343210945388,1.0
0.0047930134006899,1.0
-0.0431768006262547,1.0
0.0939486562591029,0.0
0.0342226071578906,0.0
0.0354542299505606,0.0
0.0511666768006219,0.0
0.036214872274372,0.0
0.0496001432560376,0.0
0.0099145723212307,0.0
0.0187430444802603,0.0
0.0733062081494909,0.0
-0.0309836357881805,1.0
0.0726467437429929,0.0
0.0351950667703533,0.0
0.0023472097583006,1.0
0.0478606522166885,0.0
0.0134140197685389,0.0
-0.0306108746346513,1.0
-0.0288266798711315,1.0
-0.0218191935283591,0.0
0.0570379013051606,0.0
-0.0449768103903181,1.0
0.0295521734221898,0.0
0.0504753228723986,0.0
0.0445320029093622,0.0
0.0052587010971158,1.0
-0.0206282364422493,1.0
-0.0188099067708789,1.0
0.0469389600815863,0.0
-0.0309754647781608,1.0
-0.0461215660103866,1.0
-0.0292517526049526,1.0
0.0763525475657234,0.0
0.0493249084006712,0.0
0.0471004139810295,0.0
0.0432733334132567,0.0
-0.0217349770628866,1.0
-0.0353102045065194,1.0
0.0701240220799438,0.0
0.0111367369842411,1.0
0.0313122912504789,0.0
0.0698490719501773,0.0
0.0240391555149019,0.0
0.0509956320904687,0.0
0.0079680553329086,0.0
0.0216900711399033,0.0
0.0705650012873944,0.0
0.0550069092494565,0.0
-0.0249700869379561,1.0
-0.0333247029294237,1.0
-0.0246165708864382,1.0
0.0326477782448098,0.0
0.0594634743152861,0.0
-0.0299666034729416,1.0
0.0297178458074999,0.0
-0.0265399471329564,1.0
0.0576002193566797,0.0
0.0783404382816838,0.0
-0.0293681370408012,0.0
0.0322842486866206,0.0
0.0213888037094217,0.0
0.0721567593176422,0.0
-0.0106084289291683,0.0
-0.0123177380901739,1.0
-0.0394626732774105,1.0
0.0073195959245895,0.0
-0.0010874596303489,0.0
0.0705707644400063,0.0
-0.0143407968139886,1.0
0.0509966714968229,0.0
0.0606371976815666,0.0
0.0693074312926596,0.0
0.0396368258222899,0.0
0.0070910441566853,0.0
-0.0135745542994731,1.0
0.0709387288201397,0.0
0.0673455984793981,0.0
0.0306092159347304,0.0
-0.0487540557496967,1.0
0.0070478619985019,1.0
0.0285187129138311,0.0
-0.0098086033692889,1.0
0.0274483539905175,0.0
0.0170421973452139,0.0
-0.0144265029604071,0.0
0.0098125003878223,0.0
-0.0389189495488626,1.0
0.0051651086784537,0.0
-0.0031969564637988,1.0
-0.0291163274497962,1.0
0.032797979183682,0.0
0.0471004139810295,0.0
0.0698543086309237,0.0
0.0529569142058062,0.0
-0.0171261085905649,1.0
-0.034913589007436,1.0
-0.0087356278451913,1.0
0.0456540200066357,0.0
0.0248372903242238,1.0
0.0022232316003978,0.0
-0.0220892680354695,1.0
0.0539431986338679,0.0
0.0223952505773172,0.0
0.0303888507777574,0.0
-0.0298483582823479,1.0
0.0537876311270416,0.0
-0.0469612571568055,1.0
0.0436180768975955,0.0
0.0026883932736996,0.0
-0.0240668135360223,1.0
0.0285532564912023,0.0
0.0419624375601358,0.0
-0.0287859932157689,1.0
0.0325900749925196,0.0
0.0027154081248425,0.0
0.0728316957749033,0.0
0.0194429809041313,1.0
-0.030269421361223,1.0
0.0543789330540872,0.0
0.0507796353965715,0.0
0.0169027390959111,0.0
-0.0303264084314016,0.0
0.0288805328960141,0.0
-0.0281229927759382,1.0
0.0548682012074371,0.0
0.065430677542564,0.0
0.0201705532109692,0.0
0.014911670610149,0.0
0.0580127361377811,0.0
0.0010117086730541,1.0
-0.0045160128853127,1.0
0.0110588795697437,1.0
-0.0232425793997094,1.0
0.0455000635687259,0.0
0.0962874104633111,0.0
-0.0165896178591018,1.0
0.044362434773998,0.0
0.0571288192268108,0.0
0.0443187495039892,0.0
0.0918571780374154,0.0
-0.0421668454752233,1.0
0.0122942611396069,1.0
0.0234300739571,0.0
0.0995914291500392,0.0
0.0331769811662184,0.0
-0.037480568311033,1.0
0.0502838777021817,0.0
0.0167151805766187,0.0
0.0005879706020665,1.0
-0.0086849239026832,0.0
0.0208841135481182,1.0
0.0071974383238891,0.0
-0.0028251319701882,0.0
-0.0268939881360407,1.0
-0.0249262517624942,1.0
0.0339358348499632,0.0
0.0524619663074611,0.0
0.0436047487716725,0.0
-0.0036208334998149,1.0
-0.0101515331202123,0.0
-0.0332468457780375,1.0
-0.0394626732774105,1.0
0.0678619228857281,0.0
0.062171127169511,0.0
0.030400578020045,0.0
-0.0275442226672342,0.0
-0.0539509069843354,1.0
-0.0497271717679686,1.0
0.0323799842142991,1.0
0.001346316498021,1.0
-0.0183737623834486,1.0
-0.020775419814921,0.0
0.0199143397647127,0.0
0.0782948264647333,0.0
0.0342710951105679,0.0
0.0241912848360218,0.0
0.0367507366205537,0.0
0.108970648159188,0.0
0.0652760939469964,0.0
0.0443841664189912,0.0
-0.0136365270198669,0.0
0.0330055325751153,0.0
0.0085676198483507,0.0
0.0017281824526489,1.0
0.0012268822092814,0.0
0.0484367794400791,0.0
0.0537056814913232,0.0
-0.0317157102528357,1.0
-0.0239802216306824,1.0
-0.0370507195292045,1.0
0.00752864267784,0.0
0.0431939748072072,0.0
0.0691194120849132,0.0
-0.0075155596425139,1.0
0.0518948617587195,0.0
-0.0116349862098765,0.0
-0.0312083635206024,0.0
0.0543173138440795,0.0
-0.0202368657995235,1.0
0.023224273273055,0.0
0.0884389563850277,0.0
0.0031304551994683,0.0
0.0888390776573358,0.0
0.0636850754978565,0.0
0.044343112022137,0.0
-0.0348650658785119,1.0
0.0434232969477541,0.0
-0.047818061745043,1.0
-0.0278477902489634,1.0
-0.0256749597320363,1.0
0.002460343770796,0.0
0.0321204308658149,0.0
-0.0039633665834055,0.0
-0.0314559820539977,1.0
0.0106039574603821,1.0
0.0022593473880889,0.0
0.0247008901843596,0.0
0.0574723688967852,1.0
0.039893961800649,0.0
0.0007559856621855,0.0
0.0224694509116646,0.0
0.0612322835892471,0.0
-0.007363694670224,1.0
-0.0203070496346928,1.0
-0.0138337999511968,1.0
0.0294085362828543,0.0
-0.0152545239126116,0.0
0.0122840822724491,1.0
-0.0295542066090537,1.0
-0.0010450057839876,1.0
0.0647751607228507,0.0
-0.0341298710208209,1.0
-0.0265596287468366,1.0
0.0367507366205537,0.0
0.0012739221918228,0.0
0.034932495962114,0.0
0.0595496544529667,0.0
0.0843351767032705,0.0
0.0022232316003978,0.0
-0.0348947384460643,1.0
0.0909209126649727,0.0
-0.0289206924703914,1.0
0.0413730254747942,0.0
0.04917019859832,0.0
0.0717025522782931,0.0
-0.0228968778173417,0.0
0.0366545008123359,0.0
0.0219729777629405,0.0
0.0199143397647127,0.0
-0.0177983619958096,1.0
0.0848026320343469,0.0
0.0803861584745566,0.0
-0.0082786886852097,1.0
0.011300841978236,0.0
-0.0220664016587463,1.0
0.0052399626425728,0.0
0.065389338473467,0.0
-0.0346661798331609,1.0
0.060827742300705,0.0
0.0166510825027824,1.0
0.0684827686060466,0.0
-0.0273719956981177,1.0
0.0750864019458945,0.0
0.0046889492918596,1.0
-0.0169827400243531,1.0
0.0763704385850477,0.0
0.0225046403145821,0.0
0.055694981400641,0.0
0.0695892033024439,0.0
0.0299983800693766,1.0
-0.036135324792016,0.0
0.0420236821496425,0.0
0.0321399976483557,1.0
0.0123131362535801,1.0
-0.015250382428982,0.0
0.037564533824669,0.0
0.0072253816606746,0.0
0.006034457019399,0.0
-0.0208786830992983,0.0
0.0764752201110463,0.0
0.0536110915195658,0.0
0.091253317920164,0.0
0.0543765221146194,0.0
0.0450331209760112,0.0
-0.016539008070362,0.0
0.0130859506053602,0.0
-0.0056040695728381,1.0
-0.0026425635001261,1.0
0.0818110728369047,0.0
-0.0570581870131772,1.0
0.0187430444802603,0.0
-0.0201303127636621,1.0
0.0716059470029067,0.0
-0.0059859988246834,0.0
-0.0367221941291216,1.0
0.0120476711669321,0.0
0.0342232435118159,0.0
0.0537220261646576,0.0
0.0030993120048048,0.0
0.0877820932239198,0.0
-0.0397179376670462,1.0
0.0428320285075632,0.0
-0.0072200583200917,1.0
-0.0079930695374614,0.0
0.0101496401453463,0.0
0.0389840194593183,0.0
-0.0469612571568055,1.0
0.0558272135727952,0.0
0.0448812713165406,0.0
0.0056179280103694,1.0
0.0096959712020298,0.0
-0.0273006952466206,1.0
0.0619483739783345,0.0
0.0413402226277741,0.0
0.0546743939659972,0.0
-0.0087356278451913,1.0
-0.0106058716855317,1.0
0.0279441183458683,0.0
0.002460343770796,0.0
0.0794206198067428,0.0
0.0859889134252576,0.0
0.0640252215767731,0.0
-0.0087179885379788,1.0
0.0059160066808727,0.0
0.0705650012873944,0.0
0.019938004457704,1.0
0.0848026320343469,0.0
-0.0187523974173745,1.0
-0.0223568447604923,1.0
0.0707899655075575,0.0
-0.0665565115886548,1.0
0.0247008901843596,0.0
0.0519110653167598,0.0
0.0384815735984005,0.0
0.000236612678458,0.0
0.0456937865938857,0.0
0.0118649790960983,0.0
0.0141169340610999,0.0
0.0170906272673211,0.0
0.0162760251413771,1.0
0.0694865636543317,0.0
0.0583893644978278,0.0
-0.0367221941291216,1.0
-0.0202593813337423,1.0
0.092816078063483,0.0
-0.0154844856408107,0.0
0.0485953164254752,0.0
0.0463235922072833,0.0
0.000761201531965,1.0
0.059307344789101,0.0
0.0123429262931749,0.0
0.0163802786400794,1.0
0.0073038373964928,0.0
0.0384235444358192,0.0
0.0324539970305095,0.0
0.0036124721891716,1.0
0.0118860554580577,0.0
-0.043870640219407,1.0
-0.042291532122017,1.0
0.0392560187359414,0.0
0.02055437472793,0.0
0.0322693211658074,0.0
0.071702176498902,0.0
-0.0053734340468194,1.0
0.0456712852686178,0.0
0.0018576460729403,1.0
0.0217165582622711,0.0
-0.0497679554098385,1.0
-0.0138453143050857,1.0
0.0692314603940728,0.0
0.0569176214021892,0.0
0.0316136549300746,0.0
0.0484140712267553,0.0
-0.016578555186659,1.0
-0.0507781287587393,1.0
-0.0023796895108426,0.0
0.0726425211463942,0.0
-0.0226287636678628,1.0
-0.0434029748242993,1.0
0.0346265757266358,0.0
0.0481807288603647,0.0
0.0301159071885905,0.0
0.0840745304139964,0.0
-0.0333491619162876,1.0
0.0695354600184383,0.0
-0.0349802388192139,1.0
0.0296078270407325,1.0
0.0216691636887821,1.0
0.0133537985160702,1.0
0.0203551873594556,0.0
0.0412487241023402,0.0
0.0266346817395799,0.0
0.0335358948101504,0.0
-0.0088826554987347,1.0
0.0073195959245895,0.0
0.036273784343327,0.0
-0.0193491013520254,1.0
-0.0311847521709742,1.0
0.008863583104734,1.0
-0.0289381956600667,1.0
-0.0487645698716768,0.0
0.033155109074494,0.0
0.0684425073522426,0.0
-0.0446217287864527,1.0
0.0498023791086094,0.0
0.0530015571741778,0.0
-0.0058072584841562,0.0
0.0391247316411491,0.0
-0.027063540222406,1.0
0.0056256021006999,1.0
0.0677642277486279,0.0
0.034932495962114,0.0
-0.0314738944272133,1.0
0.0652569047635698,0.0
0.0447721727140631,0.0
0.0536677617452091,0.0
-0.0289039325677205,1.0
-0.0422034693941762,1.0
0.026663348967277,0.0
0.00641119167213,0.0
-0.0587509935963248,1.0
0.0106373790644161,0.0
0.0099899360238668,1.0
0.0432960274360049,0.0
0.0322034572452958,0.0
-0.0328730548815733,1.0
0.0483109480728735,0.0
0.0697325764354115,0.0
0.0294085362828543,0.0
-0.0006701242024626,1.0
-0.01026502908182,1.0
-0.0507781287587393,1.0
0.0518527637789497,0.0
0.0224077266667096,0.0
0.0529464454766411,0.0
0.0194832393344816,0.0
0.0526238123809454,0.0
0.0660970491106837,0.0
-0.029894159159828,1.0
-0.0356834485744968,1.0
0.1042601477411,0.0
0.0169027390959111,0.0
0.0244868505592881,0.0
0.0497965624029059,0.0
0.0925129106140108,0.0
-0.0223931875912738,1.0
0.0219816780341137,0.0
0.0329204197510832,0.0
-0.0164163062630231,1.0
-0.0100022692189445,0.0
0.0595751095852095,0.0
0.0378958992647467,0.0
0.0434232969477541,0.0
0.0542558959632495,0.0
-0.0206282364422493,1.0
0.0346188224351022,0.0
0.0348603889106645,0.0
0.0213854244017263,0.0
0.0655669708660269,0.0
0.0133537985160702,1.0
-0.0403369674133015,1.0
-0.0430157888507154,1.0
0.0268285768466134,0.0
-0.032778309914305,1.0
-0.0467513046893255,1.0
0.0116718017246987,0.0
-0.0379426928425466,1.0
0.0274329025128749,0.0
-0.0211606003025813,1.0
0.0647867828267908,0.0
-0.0068669752304284,1.0
0.0356085609786953,0.0
-0.0114542786487237,1.0
0.0096959712020298,0.0
-0.0187523974173745,1.0
-0.0379426928425466,1.0
0.0722069039611016,0.0
0.0631454998371381,0.0
0.029720398776307,1.0
-0.005520378939796,0.0
0.0437643977386458,0.0
0.0052484837122276,1.0
0.0315439757911629,0.0
-0.0165518419149733,1.0
-0.0013288833200418,1.0
-0.0051754928409215,1.0
-0.0570581870131772,1.0
0.0436180768975955,0.0
0.0240391555149019,0.0
0.0681903350384789,0.0
0.0294728147753627,0.0
0.063014162544755,0.0
0.0385968116525127,0.0
-0.0170875262228139,1.0
-0.0193491013520254,1.0
-0.0289601077405887,1.0
0.0189602913588608,1.0
0.0254860691351106,0.0
0.060422007869359,0.0
0.0162011682179642,0.0
-0.0254682296387338,1.0
0.0208941539106566,0.0
0.0055327747571231,1.0
0.0220062433915864,0.0
0.0553805877897424,0.0
0.0211309008101686,0.0
0.059307344789101,0.0
0.00800126632345,0.0
-0.019369746489022,1.0
0.0013915761690749,1.0
-0.0330302701485011,0.0
-0.0232081534518407,0.0
-0.0177542041064927,0.0
0.0039586338686509,0.0
-0.0067287930554447,0.0
-0.0189841843145888,0.0
-0.010090767376957,0.0
0.0046378586411549,0.0
0.0158177837252525,1.0
-0.0635269314983994,1.0
0.0405432424614149,0.0
0.0367632035955283,0.0
0.0163727682015138,0.0
0.0454894836049008,0.0
-0.0401678316585813,1.0
0.0251115391409759,0.0
0.0451677724883614,0.0
0.0347396940962385,0.0
-0.0179067588090468,1.0
-0.003166224402826,1.0
0.0462901084999002,0.0
0.00351971260271,0.0
-0.0284788776281816,0.0
0.0830845879082298,0.0
0.0275213413775496,0.0
0.0108436422761014,0.0
0.0644142833896993,0.0
-0.0098502222478348,1.0
0.035134594914888,0.0
0.0420236821496425,0.0
-0.0157562489934303,1.0
0.0118375960934348,0.0
0.0113206563615662,0.0
0.0111505068551331,0.0
0.0073806645538763,0.0
0.0571284148235092,0.0
-0.0385500803471238,1.0
0.0474468078703314,0.0
0.0485635812876761,0.0
0.0081472816454201,0.0
0.0213888037094217,0.0
0.0048009994451618,0.0
0.0435291261207909,1.0
-0.0078333340707119,0.0
0.06735637140021,0.0
0.0429268649804055,0.0
0.0563379101079484,0.0
0.0694865636543317,0.0
0.0056179280103694,1.0
0.027904032090113,0.0
0.0397260907933009,0.0
0.0503636502192144,0.0
-0.0219873633333084,1.0
0.0476333026652899,0.0
0.0046034070376351,0.0
0.026390284897961,0.0
-0.0193491013520254,1.0
0.0358628676772019,0.0
-0.0026995186507464,0.0
-0.0390605292143277,1.0
0.0089863261480072,0.0
0.0324326173072566,0.0
0.0365298842484819,0.0
0.0518754241424417,0.0
0.0054881620089084,1.0
0.0234077736233538,0.0
-0.0027022632786784,0.0
-0.0398588437795297,1.0
-0.0018725823276609,0.0
-0.0319553158298929,1.0
0.0433912608668934,0.0
0.0141371524063328,0.0
0.0180125402979229,0.0
0.000968255184931,0.0
0.0208941539106566,0.0
-0.0407260842453479,1.0
-0.030269421361223,1.0
-0.0192505760884784,1.0
0.0237515642800742,0.0
0.0450331209760112,0.0
0.0800146768074561,0.0
0.0180677645107015,1.0
0.0307862575852623,0.0
-0.024572972390494,1.0
0.0255363014079991,0.0
0.0182637475111853,0.0
0.0701240220799438,0.0
-0.0146285510036465,0.0
0.059307344789101,0.0
0.0403284357973701,0.0
-0.0234276455114663,0.0
0.0672999553174117,0.0
0.0224534014770546,0.0
0.0343033134475394,0.0
-0.018972330445564,0.0
0.0102408219385799,0.0
0.0316561662246163,0.0
0.0182409708072498,1.0
0.0351950667703533,0.0
0.021651970522759,0.0
0.0167151805766187,0.0
0.0599708310334487,0.0
0.0712195742111442,0.0
-0.0118809412379223,1.0
0.0015345358012945,0.0
-0.0032247972397082,1.0
0.0238155248467897,0.0
0.0887471260728903,0.0
0.0271226766228233,0.0
0.0683597700337636,0.0
-0.0109625245588863,1.0
0.0857589114948476,0.0
0.0685064216978102,0.0
0.0502838777021817,0.0
-0.0085104450276959,0.0
0.0697325764354115,0.0
0.0180495882075594,0.0
0.0208723395048651,1.0
-0.0100847897767843,0.0
0.0793120852385705,0.0
-0.034946044021706,1.0
0.0786483327785406,0.0
-0.0300613599573528,1.0
0.0167333354369419,0.0
0.0185762217973897,0.0
0.0246602082891071,0.0
0.0487706231238286,0.0
0.0298336478287656,0.0
0.0442661568582508,0.0
0.0349335969067825,0.0
-0.0427915626587912,0.0
-0.032396126607866,1.0
-0.0299742404013713,1.0
0.0775906234221883,0.0
-0.0133465704262643,1.0
-0.0288473806242634,1.0
0.0420236821496425,1.0
-0.0133709461923197,0.0
0.0180125402979229,0.0
0.0605668855738252,0.0
-0.0066870220269074,1.0
-0.0058999561445043,0.0
-0.0310386026705164,1.0
-0.0411554494175724,1.0
0.036359743634637,0.0
-0.0254039069032737,0.0
0.0313899042229766,0.0
-0.0445770043293846,1.0
-0.0164163062630231,1.0
-0.0369970340309436,1.0
-0.0119540951857833,0.0
-0.0165937487646716,1.0
-0.0248935040133961,0.0
-0.0310386026705164,1.0
0.0190351561177588,1.0
0.0507925533185585,0.0
-0.0130408402129477,0.0
-0.0032376554846478,0.0
-0.0257707696276347,1.0
0.0131706071054633,0.0
0.068179380634241,0.0
-0.0230228220500403,0.0
-0.0287859932157689,1.0
-0.0387343210945388,1.0
0.044449675011106,0.0
0.0755494671884249,0.0
0.0672961698791831,0.0
0.0061228388240917,0.0
0.0285532564912023,0.0
-0.0104703362388516,0.0
-0.0084798693663808,0.0
-0.0061890186110193,1.0
0.0634296013827861,0.0
0.0146893999439179,0.0
-0.0084798693663808,0.0
-0.0187199405149923,1.0
0.0518420100889455,0.0
-0.0049869591865298,0.0
0.0460562086598961,0.0
0.0535389710400685,0.0
0.0343236506983264,0.0
-0.0228590491076694,0.0
0.0512768459208318,0.0
-0.0459149446826048,1.0
0.0762185490263781,0.0
0.0678619228857281,0.0
0.0322693211658074,0.0
0.0249118172191542,0.0
0.007983167960037,1.0
0.0448583050430307,0.0
-0.037480568311033,1.0
0.0169960095465622,0.0
-0.0556974008216434,1.0
0.0261473500028707,0.0
0.0346188224351022,0.0
0.0243146241028068,0.0
0.0320214410394749,0.0
0.0340331995322512,0.0
0.019332984644173,0.0
0.0267662827077152,0.0
-0.0092308515270564,1.0
-0.0344140020867504,1.0
-0.0434029748242993,1.0
0.0572624185165256,0.0
-0.0478711012818677,1.0
-0.0046142724137042,0.0
0.0571864355145838,0.0
0.0764752201110463,0.0
0.0329577104589471,0.0
-0.0194817074056218,1.0
0.0095549758600963,0.0
0.0120689475094665,0.0
0.0329204197510832,0.0
-0.0253848875417882,1.0
-0.0004774934858642,1.0
0.0925129106140108,0.0
0.0375115455255308,0.0
0.052089778354235,0.0
0.0131624208202078,0.0
0.0778244131672405,0.0
0.0424632929275921,0.0
0.0719947524323838,0.0
0.0304519745255969,0.0
-0.0102389972981219,0.0
0.0074060515897433,0.0
-0.011640771411061,1.0
0.0471004139810295,0.0
0.0376900119380511,1.0
0.0171698737930922,0.0
0.0162152930955618,0.0
-0.0206282364422493,0.0
0.072230901127764,0.0
0.0379924887014201,0.0
-0.0411201466376974,1.0
0.0075892552628488,1.0
-0.0137953840170673,1.0
0.058821247080182,0.0
0.0423688226534955,0.0
-0.0372124090968128,1.0
0.0096832392577162,0.0
-0.006932236923453,1.0
0.0507805629800768,0.0
0.0129651900689469,0.0
0.0201012014948489,1.0
0.0673911081787061,0.0
0.003213436525754,0.0
0.0033138175294784,0.0
-0.0073024690529882,1.0
-0.005146635229113,1.0
0.0278521543210288,0.0
0.0662415599690229,0.0
0.0332101571796723,0.0
0.0307030894686663,0.0
0.0319439142860012,0.0
-0.0422696380162024,1.0
-0.0146621545885705,0.0
0.0336802513225644,0.0
-0.0290691960989901,1.0
0.0235894950873279,0.0
0.0001877875150849,0.0
0.0380843959950561,0.0
0.0647576267963157,0.0
-0.0388981847958323,1.0
-0.0115216447877354,0.0
-0.0161906447979075,1.0
0.0107824651687148,1.0
0.0350315582377953,0.0
-0.0097838450116629,1.0
-0.0061890186110193,1.0
0.0046378586411549,0.0
-0.0023632399376503,1.0
-0.0187199405149923,1.0
-0.03606094355299,1.0
-0.0152545239126116,1.0
-0.023197848940494,1.0
-0.0237489132264355,1.0
-0.009483871877926,1.0
0.0062906942910671,1.0
0.0361879111353216,0.0
0.0074157147796907,0.0
0.0377170259812927,0.0
-0.0457077095073718,1.0
0.0032767111093022,0.0
0.03389481491238,0.0
0.0527912848275876,0.0
0.0560453432256523,0.0
0.066244932763093,0.0
0.0362833450460357,0.0
-0.0038295786958023,0.0
0.0168841396328381,0.0
0.083092427169837,0.0
0.0495930525740236,0.0
0.0637401499889349,0.0
0.0626802922835096,0.0
0.041767346996855,0.0
-0.0214629864074585,0.0
0.0529244892146515,0.0
0.0379537079342025,0.0
-0.0376617432262926,1.0
0.0485635812876761,0.0
0.054423485450105,0.0
0.0485186292471184,0.0
0.0392867657396997,0.0
0.0146596301843156,0.0
0.037586548231665,0.0
0.0272396362831003,1.0
0.0137875963974997,0.0
0.0452904535461472,0.0
0.0762366954367926,0.0
0.0307862575852623,0.0
0.0058392853387945,1.0
0.0316136549300746,0.0
0.0599708310334487,0.0
-0.0489921758915815,1.0
0.0426167502431449,0.0
0.0090430489798584,1.0
-0.0248935040133961,1.0
0.0343756726955735,0.0
-0.0154300895233827,0.0
0.0029367314110124,0.0
0.0095539428764012,1.0
-0.0121899290670739,1.0
0.0716433219596062,0.0
0.0146667723789749,0.0
0.009945539336846,1.0
0.0282977573537727,0.0
0.0547465821039832,0.0
0.0268608666926594,0.0
0.0293724853121687,0.0
-0.0392727639092296,1.0
0.0434825838906682,0.0
-0.0146974385771568,1.0
0.0146606584795967,0.0
0.050116445906328,0.0
-0.0194817074056218,0.0
0.0141371524063328,1.0
-0.0527711399835311,1.0
-0.03606094355299,1.0
-0.0273719956981177,1.0
0.0390686387609504,0.0
-0.0274730847735799,1.0
0.0095539428764012,0.0
-0.0219873633333084,0.0
-0.0358648147129587,0.0
-0.0329325218113748,1.0
0.0189196599269348,0.0
0.088527911012176,0.0
0.0626141838670169,0.0
0.0348387262041386,1.0
-0.0119461933028308,1.0
-0.0383357035263076,1.0
0.007983167960037,0.0
0.0528333569438096,0.0
0.0896240928019389,0.0
-0.0353066409564952,1.0
0.0614087519201324,0.0
0.0172532812767367,0.0
-0.0265434321022245,1.0
0.0493885086197477,0.0
-0.0397330647285382,1.0
-0.0265399471329564,1.0
0.0382272278530566,0.0
0.0462339305328685,0.0
0.0233240930709635,0.0
0.0612322835892471,0.0
0.0835050310424228,0.0
-0.0420611990409884,1.0
0.0817054815312155,0.0
0.0499627949701385,0.0
0.0636850754978565,0.0
0.052089778354235,0.0
0.0138324604439461,1.0
-0.0420317331916963,1.0
-0.0177542041064927,0.0
0.017285589145242,0.0
0.0391528024095349,0.0
-0.0418795226502295,1.0
-0.0105926805248274,0.0
-0.0249858873995088,1.0
-0.0344298702766637,1.0
-0.0471469420877874,1.0
0.0430297107308265,0.0
-0.0434029748242993,1.0
0.0097826906196107,0.0
0.0568100309355637,0.0
-0.0207398815796294,1.0
0.0443187495039892,1.0
0.0286088552556992,0.0
0.060154186393346,0.0
-0.0209792722854642,1.0
0.0029674460351248,0.0
-0.0126906260523469,1.0
-0.0101515331202123,0.0
0.0163727682015138,0.0
-0.0283313392991772,1.0
-0.0474426374848355,1.0
-0.0453534721581533,1.0
-0.0129117137384452,1.0
0.0801158970901776,0.0
0.063014162544755,0.0
-0.0235323057422004,1.0
0.0714427452492751,0.0
0.0242907880500087,1.0
0.0680970680591673,0.0
0.0205279520439941,0.0
0.0705707644400063,0.0
0.0071289456136174,1.0
0.0556365650557585,0.0
-0.0176278612015401,1.0
0.0637401499889349,0.0
-0.053397910682529,1.0
0.0347396940962385,0.0
0.026663348967277,0.0
0.0221812127848441,1.0
-0.0695007026766123,1.0
0.025671921126905,0.0
0.0315153852359381,0.0
0.0138447202056871,0.0
0.0105955384354867,0.0
-0.0210413834108241,1.0
-0.0223931875912738,1.0
0.0070304254019714,0.0
0.0068842521198041,1.0
-0.0321024202081674,1.0
0.0698457040538188,0.0
-0.0066870220269074,0.0
-0.027254437083158,0.0
0.0631454998371381,0.0
0.0255526921873123,0.0
0.0742744234698794,0.0
0.0113206563615662,0.0
0.0095415437526478,0.0
-0.053141302751814,1.0
-0.0165937487646716,0.0
0.0170230589296349,1.0
-0.0153940887251886,0.0
-0.0034137276124183,0.0
-0.0186557518315215,0.0
0.0640252215767731,0.0
0.0311476117819919,0.0
0.0012268822092814,0.0
0.0007559856621855,1.0
-0.0162635911564067,1.0
0.065070444013768,0.0
0.0680193335776213,0.0
0.031655592011661,0.0
-0.0080341834872736,1.0
-0.0009118691124334,1.0
0.0097184207662839,1.0
-0.0416407082183783,1.0
0.0437306042094339,0.0
0.0343211297838499,0.0
-0.031351490566094,1.0
-0.0465589875958274,1.0
0.0095539428764012,1.0
0.0240391555149019,0.0
-0.0072386671037403,1.0
0.0527912848275876,0.0
-0.0424399857259179,1.0
0.0042109743490522,0.0
-0.003352534243498,1.0
0.0313122912504789,0.0
0.0307030894686663,0.0
0.0479127478878964,0.0
0.0322693211658074,0.0
0.0500700918732279,0.0
-0.0215797372699986,0.0
-0.0373163873276523,1.0
0.0694865636543317,0.0
-0.0374252405849533,1.0
0.008078603511642,0.0
0.0796908187662104,0.0
0.0329204197510832,0.0
0.0593698390491813,0.0
0.0995914291500392,0.0
-0.0180704629218059,0.0
-0.0220426670996874,1.0
-0.032396126607866,1.0
0.0382496557519465,0.0
0.0371536475253607,0.0
0.0276801543775663,0.0
-0.0284788776281816,1.0
0.0313899042229766,0.0
-0.0219898547804118,0.0
0.0139441894791233,0.0
0.0571690262469726,0.0
0.0308485014564135,0.0
0.0040280716565949,1.0
0.0305487908812097,0.0
-0.0080341834872736,1.0
0.0165265704492683,0.0
0.0147023982307355,1.0
0.0223686935099103,0.0
0.0218186545063172,0.0
-0.0279173396804754,1.0
0.0385111589989629,0.0
-0.0145808304890057,1.0
-0.0411875732489862,1.0
0.049183557483817,0.0
0.030400578020045,0.0
-0.0524529589461264,1.0
0.0062106490315602,0.0
0.0262809223841168,0.0
0.0825026322312098,0.0
0.0048009994451618,1.0
0.0713811465608894,0.0
-0.0161954014919649,1.0
0.0603255927080791,0.0
0.0655819973805947,0.0
0.042650328395869,0.0
-0.0202079972800931,0.0
0.0018576460729403,0.0
-0.0039633665834055,0.0
0.0111505068551331,0.0
-0.0001694812979846,0.0
0.037344539802371,0.0
-0.0418089970010235,1.0
0.0329577104589471,0.0
-0.0442795976720077,1.0
0.045928740429115,0.0
0.0016714612582772,1.0
0.0684827686060466,0.0
0.0112438631668018,0.0
-0.0002038187619247,0.0
0.0120476711669321,0.0
0.0073328273491862,0.0
0.0498613196391902,0.0
-0.008104249583157,0.0
-0.0468969976600362,1.0
-0.0072787855955611,1.0
0.0360217672750786,0.0
0.0330055325751153,0.0
-0.0006533768165451,0.0
0.0354542299505606,0.0
0.041106505826591,0.0
-0.0528339996904349,1.0
-0.0276263648183137,0.0
0.0087711334188564,0.0
-0.0147760875056611,1.0
-0.0138337999511968,1.0
0.0318493368150769,0.0
0.0408272926297185,0.0
0.0603255927080791,1.0
0.0535389710400685,0.0
-0.0088173686483742,0.0
-0.0129117137384452,0.0
-0.0383545158405207,1.0
-0.0256388225831578,1.0
0.0504870547688378,0.0
0.0384336462564365,0.0
-0.0330058886521539,1.0
0.0876494734971508,0.0
-0.0302733997808552,1.0
-0.0287323570195698,1.0
0.0528775753010932,0.0
0.0412487241023402,0.0
0.0730664177192203,0.0
0.0179264519225245,0.0
0.0655669708660269,0.0
0.0918713226387385,0.0
-0.0292109336992865,1.0
0.0762366954367926,0.0
-0.0166771305850601,0.0
-0.0066385804902987,1.0
-0.0026425635001261,1.0
-0.0398001368079443,1.0
-0.0219873633333084,0.0
0.0294728147753627,0.0
0.0106343553966216,0.0
0.0646380799362959,0.0
0.0282337912474068,0.0
0.0190950366480916,0.0
0.0427149883348335,0.0
0.0281284962247322,0.0
0.0112583680240435,0.0
-0.0017855902107531,1.0
-0.003330084231907,0.0
0.0509966714968229,0.0
0.0196269945531921,0.0
0.071987091831587,0.0
0.0320152912963778,0.0
0.0763704385850477,0.0
0.0639474358943263,0.0
-0.0186521295895239,1.0
-0.0234276455114663,1.0
0.0626802922835096,0.0
0.0326724629493437,0.0
0.0487706231238286,0.0
-0.005146635229113,1.0
-0.0041540870038551,0.0
0.0303150605805048,0.0
-0.0334571589570394,1.0
0.0497840705395108,0.0
0.0224455174187835,0.0
0.0698490719501773,0.0
-0.0393297968509717,1.0
0.0516239061334578,0.0
0.0550319825202944,0.0
-0.0227888281080538,0.0
0.027904032090113,0.0
0.0738664472076374,0.0
-0.0034643939578127,0.0
-0.0507222367663554,1.0
0.0590543033233745,0.0
-0.0138453143050857,1.0
-0.0315098260195101,1.0
0.0072253816606746,0.0
0.0708245207681019,0.0
0.0625540473221496,0.0
0.0698647972466918,0.0
0.0506282776576702,0.0
-0.0323941915546487,1.0
0.0553951231954341,0.0
0.0027549026104423,1.0
0.0776790616710673,0.0
-0.0163421134738069,0.0
0.0639474358943263,0.0
0.0426918903103136,0.0
-0.0147760875056611,1.0
0.0001144255449765,0.0
0.0537377000322717,0.0
-0.0317919891160533,0.0
-0.030577608345998,1.0
-0.0087863000063681,0.0
0.0509966714968229,0.0
0.0252335864917007,0.0
-0.0288473806242634,1.0
-0.0186521295895239,1.0
-0.0600076110959325,0.0
-0.0344140020867504,1.0
0.0474468078703314,0.0
-0.0067176186110154,0.0
0.0419624375601358,0.0
-0.0291163274497962,1.0
0.0768322310918173,0.0
-0.0507222367663554,1.0
0.0740643872723992,0.0
0.0420188426412159,0.0
0.0052399626425728,0.0
-0.0384963134698051,1.0
-0.0061410868621279,1.0
0.0393527411873153,0.0
0.0031383467909499,0.0
0.0086127435287837,0.0
0.0087482588073941,0.0
0.0553951231954341,0.0
-0.0310773531804259,1.0
0.0834030254088579,0.0
-0.0066385804902987,0.0
0.0276070015365061,0.0
0.0448996204587121,0.0
0.0681394702938721,0.0
0.011188710435717,1.0
0.0768751897067565,0.0
0.0115171580575496,0.0
0.0293130806700405,0.0
-0.0020135890568535,0.0
0.0061572525925801,0.0
-0.0256469327349784,1.0
-0.0349802388192139,1.0
-0.0366145159614616,1.0
0.0572741314493324,0.0
0.0636835076637895,0.0
-0.0223931875912738,0.0
0.0171395825951163,0.0
0.0348961475769554,0.0
-0.0448679318361124,1.0
0.0240391555149019,0.0
0.0435325151969726,0.0
0.0444548693367152,0.0
0.0098159260949433,0.0
-0.0385891610695985,0.0
0.0361546616586146,0.0
0.0834030254088579,0.0
0.060828448115079,0.0
0.0755257603841477,0.0
0.0488120684841498,0.0
0.0621298705517851,0.0
0.0389840194593183,0.0
0.0920722351638663,0.0
-0.0260057532559766,1.0
0.0066908367448499,1.0
0.0027154081248425,0.0
0.0620338723258235,0.0
0.0807740285242248,0.0
0.0012739221918228,0.0
-0.0151400182914745,0.0
0.0070478619985019,0.0
-0.0090081914876859,1.0
0.0316136549300746,0.0
0.0072253816606746,0.0
0.0641951810242826,0.0
-0.0021218594070739,1.0
-0.025064471390767,1.0
-0.0333247029294237,1.0
0.0413744064662021,0.0
-0.0311398186139574,0.0
0.0329577104589471,0.0
0.0370992105319932,0.0
0.0272341434408827,0.0
0.0298105036280496,0.0
0.0335358948101504,0.0
0.0353055433107888,0.0
0.0248289991158768,1.0
0.0782948264647333,0.0
0.0139441894791233,0.0
0.0556641515300025,0.0
0.0392133351749116,0.0
-0.0020910490325404,0.0
0.0550296645686878,0.0
-0.001906223231567,0.0
-0.0147787581351662,1.0
0.0590488143349516,0.0
0.0288997678648269,0.0
0.0046034070376351,0.0
-0.0399836037550654,1.0
-0.0269480830195619,1.0
-0.0224482734579745,0.0
0.0425909385222557,0.0
-0.0497679554098385,1.0
0.0914966679469034,0.0
0.0593586728774189,0.0
0.0740989351818565,0.0
0.0456123951091451,0.0
-0.0310386026705164,1.0
0.0570208604591365,0.0
-0.0215797372699986,1.0
-0.0087603773429448,0.0
0.0350315582377953,0.0
0.0384633231913577,0.0
0.036273784343327,0.0
-0.0151400182914745,1.0
0.0359427379612553,0.0
-0.0121235705247593,1.0
-0.0061446760025577,1.0
0.0273618768781883,0.0
0.0615830802209855,0.0
0.0052399626425728,0.0
0.0443187495039892,0.0
0.0315010249513318,0.0
0.0543789330540872,0.0
-0.0138453143050857,1.0
-0.0459149446826048,1.0
0.0601390893825312,0.0
-0.0218191935283591,1.0
-0.0427505771882506,1.0
-0.0635269314983994,1.0
0.0352861447696856,0.0
0.0190393388328521,0.0
-0.0362650748941262,1.0
0.058821247080182,1.0
-0.0221998086136929,0.0
0.01588198644955,0.0
0.0113117097458705,0.0
0.0204121401092496,1.0
-0.0416000572704178,1.0
0.0086877471475773,0.0
0.0415789344569969,0.0
-0.0034257273240274,0.0
0.0056256021006999,1.0
-0.058346052787521,1.0
0.0394222097855842,0.0
0.0214998272383695,0.0
-0.002879841070287,1.0
0.0288805328960141,0.0
-0.0259823873517505,1.0
0.02415946655664,0.0
0.0546701925338056,0.0
-0.0421668454752233,1.0
0.0578615986138417,0.0
0.0569989907940236,0.0
0.0555772374420531,0.0
-0.025064471390767,1.0
0.0201309760740079,0.0
0.0261075119205344,1.0
0.0051017639157132,0.0
-0.0151400182914745,1.0
0.0692320469907328,0.0
-0.0087611663860849,1.0
0.0541895031121165,0.0
0.0429508029978128,0.0
0.0829847554908349,0.0
0.0609445416248819,0.0
-0.00300026149718,0.0
-0.0421442389686875,1.0
0.0490563430568493,0.0
0.0547698403866929,0.0
0.0093631980448826,1.0
0.0615071352739072,0.0
0.0249075302029524,0.0
-0.0269122919809798,1.0
0.072230901127764,0.0
-0.0004774934858642,1.0
0.0801158970901776,0.0
0.036214872274372,1.0
0.0030993120048048,1.0
0.0213888037094217,0.0
-0.0258531365296637,1.0
-0.0386205717368571,1.0
-0.0215405156547537,1.0
0.0552969727136347,0.0
-0.0294072620304817,1.0
0.0656215106834276,0.0
-0.0398624141380681,1.0
0.0240376694883435,0.0
0.0662115785245418,0.0
0.0167333354369419,0.0
0.0542205231121621,0.0
0.0839370127887483,0.0
-0.018206817624767,1.0
0.0255333455538989,1.0
0.0356872156593704,1.0
0.0372704105883751,0.0
0.0903063214612834,0.0
-0.0323139400773922,1.0
0.0645993443165458,0.0
0.0455769903401887,0.0
-0.0478454616457671,1.0
0.0166342974538163,0.0
-0.0257396407754308,1.0
0.0212927847171056,0.0
0.0623734292020241,0.0
0.0319439142860012,0.0
0.0691794075097231,0.0
0.0201399854675381,0.0
-0.0267235913306452,1.0
0.0053400594468215,0.0
0.0468234052807674,0.0
0.0298336478287656,0.0
0.0173784680678604,0.0
0.0376603237238917,0.0
0.0491084889884383,0.0
-0.0186821933764241,1.0
0.0371481570638566,0.0
-0.0296112216409755,0.0
0.0285159582037823,0.0
-4.29520845828148e-05,0.0
-0.0079965884121013,1.0
-0.0356318228083202,0.0
-0.0329325218113748,1.0
-0.0403319014844009,1.0
0.0260906520535917,0.0
-0.0206282364422493,1.0
0.0454872284845312,0.0
-0.0455955220057443,1.0
-0.0232044190975573,0.0
-0.0364509921672181,1.0
-0.0356318228083202,1.0
0.0055735429206924,0.0
-0.017343444876355,1.0
0.0382793893387775,0.0
0.0816025169237504,0.0
0.0484789301302115,0.0
0.0294728147753627,0.0
0.0040280716565949,0.0
-0.0633052523402607,1.0
0.0248481865537767,0.0
0.0726425211463942,0.0
-0.0023632399376503,0.0
-0.019573630803153,1.0
0.0229892905229741,0.0
0.0307947425175272,0.0
0.0311476117819919,0.0
-0.0019479206227002,1.0
-0.03606094355299,1.0
0.039652182855162,0.0
-0.009583505873923,1.0
0.0111505068551331,1.0
-0.0112540891705812,1.0
0.0767932526844445,0.0
0.0344242424815026,0.0
-0.0018725823276609,1.0
-0.0035507555876145,0.0
0.0230287109546186,0.0
-0.0279198903976843,1.0
0.0680622990668221,0.0
-0.0320411937319272,1.0
0.0421249193615173,1.0
-0.0240668135360223,1.0
-0.0344140020867504,1.0
-0.0346661798331609,1.0
0.0485953164254752,0.0
0.0198084789739803,0.0
0.0794349252036332,0.0
0.0431939748072072,0.0
0.0330486742029789,0.0
-0.0009118691124334,1.0
0.0319439142860012,0.0
0.0290495721882701,1.0
-0.0464557983706914,0.0
0.023224273273055,0.0
0.0224534014770546,0.0
0.0051651086784537,1.0
0.0066473094337309,1.0
0.0434050976409822,0.0
-0.0299666034729416,1.0
0.0423166349460571,0.0
0.0411320346927828,0.0
0.0406601727563477,0.0
-0.0319973099211672,1.0
0.0249199818772167,0.0
0.0761653368159615,0.0
0.0249416368763839,0.0
0.0510237055894756,0.0
0.0724226233451741,0.0
0.0498603734837059,0.0
-0.040727407700159,1.0
0.047655467156171,0.0
-0.01354511450462,1.0
0.0062906942910671,1.0
-0.0326138270642668,1.0
0.0290480629412722,0.0
0.0046034070376351,1.0
0.0311423213073438,0.0
0.0542558959632495,0.0
-0.0150962257540205,1.0
0.0124750369125455,1.0
-0.0113910393892816,1.0
0.0914966679469034,0.0
0.0097826906196107,0.0
-0.0235254987040588,0.0
0.0807155357180333,0.0
0.0770165335107034,0.0
-0.003320223428393,1.0
-0.0067287930554447,1.0
0.0510881179232407,0.0
0.0485635812876761,0.0
0.0937114911018477,0.0
-0.005123306117237,1.0
-0.011640771411061,1.0
0.0291672961736544,0.0
0.0478320528436877,0.0
-0.0334514484922348,1.0
-0.0421442389686875,1.0
0.029701233578627,0.0
0.025141246128852,0.0
-0.0423485421214485,1.0
-0.0016424961148652,0.0
0.0427103754260701,0.0
-0.0248935040133961,0.0
0.0814895827676219,0.0
-0.0469612571568055,1.0
0.0055327747571231,1.0
0.0095257332470731,0.0
0.0301946038020597,1.0
0.0558272135727952,0.0
-0.0095881060986914,1.0
-0.0162852825759994,0.0
-0.001906223231567,1.0
0.0306615159317102,0.0
0.0224534014770546,0.0
-0.0047542221905282,1.0
-0.0224125306978907,1.0
-0.0121899290670739,1.0
-0.0067576868763493,0.0
0.043642338131105,0.0
0.0761554486555029,0.0
0.0527912848275876,0.0
-0.0323941915546487,1.0
0.0063348084869478,1.0
0.0329204197510832,0.0
0.0648712910307209,0.0
0.0072253816606746,0.0
0.0052303974206282,0.0
-0.0288473806242634,1.0
-0.0219898547804118,1.0
0.0391247316411491,0.0
-0.0328730548815733,1.0
0.0672999553174117,0.0
0.0072253816606746,1.0
0.0179618620995872,0.0
-0.0152493676479117,1.0
0.0320135375938951,0.0
0.0665084879914137,0.0
0.0059750459516754,0.0
0.058821247080182,1.0
0.076758881779179,0.0
-0.0160698326019202,1.0
0.0472408521488294,0.0
0.0145596279390306,0.0
-0.027709017710419,1.0
-0.0279173396804754,1.0
0.0590819880955396,0.0
0.0436578305876737,0.0
-0.0009118691124334,1.0
0.0004280282922292,1.0
-0.0081597131194984,0.0
-0.0256388225831578,1.0
0.0241149516434247,1.0
-0.0333360642580934,1.0
-0.0261427054238486,1.0
0.0542558959632495,0.0
-0.0215344503443328,0.0
0.0371481570638566,0.0
0.0962874104633111,0.0
0.0848026320343469,0.0
-0.0175949106723175,0.0
-0.0229132907351178,1.0
0.0002887279327588,1.0
0.0343211297838499,0.0
-0.0107393947006113,1.0
-0.0176954956686313,1.0
-0.0514940226228449,1.0
0.0333753225188075,0.0
-0.0116386477485607,1.0
0.0003536748332557,1.0
-0.0284509353007196,1.0
0.0779767143314524,0.0
0.0683597700337636,0.0
-0.0376788422806872,1.0
0.0757684863308857,0.0
0.0098759483996624,1.0
0.0384180734905087,0.0
0.0570208604591365,0.0
-0.0130254230547939,1.0
0.0571864355145838,0.0
-0.0504206463980787,1.0
0.0016279391300256,0.0
-0.0418366424347868,1.0
0.0497314199039273,0.0
0.0387733984656895,0.0
0.0208841135481182,0.0
0.0817054815312155,0.0
-0.0210061891075019,1.0
0.100564076152681,0.0
0.0473479809174694,0.0
-0.0372853772360155,1.0
0.0533283404675661,0.0
-0.0474908209218452,1.0
-0.0478711012818677,0.0
0.0405432424614149,0.0
0.0588776920339485,0.0
-0.0358082031473273,1.0
-0.038652451266118,1.0
0.0173385913247443,1.0
0.0114392996203303,0.0
-0.0367221941291216,1.0
-0.0148753145883515,1.0
0.0322098345605143,0.0
-0.0095881060986914,0.0
-0.0256388225831578,1.0
0.0376859833335623,0.0
0.0405432424614149,0.0
-0.0172162574311955,0.0
0.0373451084223229,0.0
0.0382272278530566,1.0
0.0255312932996051,0.0
0.058735580852001,0.0
0.0510657223109258,0.0
0.0086061117027225,0.0
0.0509966714968229,0.0
0.0634940648144275,0.0
0.0800690337852217,0.0
-0.0192895299300022,0.0
0.0432447326473412,1.0
0.0857704038000381,0.0
0.0772386647587696,0.0
0.0125582134450289,0.0
0.0543789330540872,0.0
0.0455769903401887,0.0
0.0278554968402032,0.0
-0.0103206526645527,1.0
0.0324554853846563,0.0
0.0698457040538188,0.0
0.0012759192697819,1.0
0.0440624071380915,0.0
-0.0274212813014801,1.0
-0.0172670377433809,1.0
0.01262271478244,0.0
0.023599948138301,1.0
0.0601463636266573,0.0
0.050267484673883,0.0
0.0146841045472099,0.0
0.0169027390959111,0.0
0.021651970522759,0.0
0.0633979935639031,0.0
0.0046243366805423,0.0
0.0385968116525127,0.0
0.0413744064662021,0.0
-0.0389476738874259,1.0
-0.0075806929176414,1.0
0.0214998272383695,0.0
0.0271226766228233,0.0
0.0303372345728843,1.0
0.0416089029170608,0.0
-0.0379227350424576,1.0
0.0462339305328685,0.0
-0.0190395441359567,1.0
0.0633447989413261,0.0
-0.0039891411830505,0.0
-0.0278329969815163,1.0
-0.0125672876182203,1.0
0.0510896484234286,0.0
0.049183557483817,0.0
-0.0228420645104756,1.0
0.005443512808387,1.0
0.0068842521198041,0.0
-0.0014654493981193,1.0
0.0615830802209855,0.0
0.0747414009449595,0.0
-0.0248884737414265,1.0
-0.0066870220269074,1.0
-0.0405536116585266,1.0
0.0576731558949441,0.0
-0.0649875944161235,1.0
0.0514292696036725,0.0
0.0569975145196819,0.0
0.0526238123809454,0.0
0.0829847554908349,0.0
0.0745625569645032,0.0
-0.0181083912344224,1.0
-0.0165518419149733,0.0
0.047330326356841,0.0
0.0491084889884383,0.0
0.0593586728774189,0.0
-0.0421668454752233,1.0
0.0393527411873153,0.0
0.0246617449652959,1.0
0.0497840705395108,0.0
-0.0075659170772569,1.0
0.0163802786400794,1.0
0.0137325632454998,1.0
0.0078300605884176,0.0
-0.0016424961148652,1.0
0.0484056006618626,0.0
0.0384752828526464,0.0
0.0205849652835931,0.0
-0.0091598141162652,0.0
0.0328542685670022,0.0
-0.0071148078633194,0.0
0.0296078270407325,0.0
0.0050745547060589,1.0
-0.0443440603294347,1.0
-0.0275511880626658,1.0
0.0563904043016947,0.0
0.0903063214612834,0.0
0.0729469381672752,0.0
0.0212927847171056,0.0
0.0432733334132567,0.0
-0.0258034112277708,1.0
0.0311423213073438,0.0
-0.00104446655045,1.0
-0.0385891610695985,0.0
0.0137875963974997,0.0
0.0445320029093622,0.0
0.036693495900397,0.0
0.0375351230285184,0.0
0.0199389752610428,0.0
0.0310265038384077,0.0
0.0962874104633111,0.0
0.0605146825759212,0.0
0.029502291003488,0.0
-0.011640771411061,1.0
0.0141413078499917,0.0
0.0691194120849132,0.0
-0.0112540891705812,1.0
0.0374147456471959,0.0
0.0588361016565585,0.0
-0.009483871877926,1.0
-0.0149589138915148,1.0
-0.019369746489022,1.0
0.0627890543740018,0.0
0.0362833450460357,0.0
-0.0458816055269077,1.0
-0.0224374954460772,1.0
-0.0106302048192682,0.0
0.049183557483817,0.0
0.0543789330540872,1.0
0.0374111758592389,0.0
0.0149059507304396,0.0
0.0210863700318819,0.0
0.0763704385850477,1.0
0.0247008901843596,0.0
-0.0079647382885289,1.0
0.0251440104834788,0.0
0.0277084048964429,0.0
0.0618791053744919,0.0
0.068840253279975,0.0
0.0351451064453428,0.0
0.0059061826192859,1.0
-0.0270331272495738,0.0
0.0464999268542917,0.0
0.0728251783196258,0.0
0.0567100711512118,0.0
0.0257781947044965,0.0
0.037586548231665,0.0
0.072230901127764,0.0
-0.0223568447604923,0.0
0.0317537906996703,0.0
-0.0066385804902987,1.0
0.0578615986138417,0.0
0.0100591990633601,1.0
-0.0281229927759382,1.0
-0.0149321576589188,1.0
-0.0167943192378845,1.0
0.0169027390959111,0.0
0.0384235444358192,0.0
-0.0233631329434476,1.0
-0.0271925305078871,1.0
-0.0381108547661769,1.0
0.0397297296807026,0.0
-0.0431768006262547,0.0
-0.0263537157335239,1.0
0.0138277586253845,1.0
0.0533601354207632,0.0
-0.0129185991899005,1.0
0.0288607201146226,0.0
0.0520865082545252,0.0
-0.0079187762938435,1.0
-0.0326218583825683,1.0
-0.0269122919809798,1.0
0.0699979085365716,0.0
0.037606391412109,0.0
0.0091801357688437,0.0
0.0371481570638566,1.0
0.0639474358943263,0.0
-0.0326804887551917,1.0
-0.0158690254660609,1.0
0.0184663297593504,0.0
-0.0193667816555246,1.0
0.0388906470910636,0.0
-0.0006439542560553,1.0
-0.0040552662177752,1.0
-0.0138337999511968,1.0
-0.0459922167058892,0.0
0.0086127435287837,0.0
0.0297178458074999,0.0
0.0862321665423762,0.0
0.0691007393102303,0.0
0.0195293091666417,0.0
0.0596897211567388,0.0
0.0453170284260946,0.0
0.0586082632617748,1.0
0.0218670571293531,0.0
-0.041785014421568,1.0
0.0691194120849132,0.0
0.0285159582037823,0.0
0.0418263363511478,1.0
-0.0051037815832804,1.0
-0.0277308760206417,0.0
-0.0088826554987347,0.0
0.029668647307981,0.0
0.0349138676835724,0.0
0.0320152912963778,0.0
-0.0330414621334069,1.0
0.0504319450207109,0.0
-0.0248884737414265,1.0
0.0324539970305095,0.0
0.0274322776103452,0.0
0.0001702880669813,1.0
0.0728316957749033,0.0
0.011265270752459,0.0
0.0859889134252576,0.0
-0.0159579263833439,1.0
0.0158197188576186,0.0
0.0499627949701385,0.0
0.0524619663074611,0.0
0.07353000335967,0.0
0.061881962597461,0.0
0.0072101330176559,0.0
0.0369133750979973,0.0
0.0726425211463942,0.0
-0.0317511347577739,1.0
0.02331475283737,0.0
0.0693287286365341,0.0
0.0637886235247531,0.0
-0.0500131578687201,1.0
-0.0090081914876859,1.0
0.0198084789739803,0.0
0.0384815735984005,0.0
